1knnYTSooIrIFHLDX9EL	24 Hour Fitness
vWOjBX4BB3hrr8syoOlr	5W Public Relations
M79al4NeIlOSgqvrTs9I	72andSunny
iXR83pAk3HslUVtUUdid	Abercrombie & Fitch
KZOebNPsQM0VzYa2p3bc	ABN AMRO
1FOI8RuBibNxwCDaO6ZU	Accelerator
Jwks1zab0XuUp9EVYlnE	Accor
DwBgt6vpv4OnwyyiFZtb	Activision Blizzard
G5aD4unfLPkmxroYFXKB	AdColony
jX2uoDrnrsjPVD4SLyKH	Adidas
2GyJNwbHQ45lnH1e8j2y	ADP
6aiDc2KEYfoAKKOnMCru	Affirm
8DZTohrSsRtNIMWTT8yx	Afterpay
lZs3OUhlaojY7ZO8PPAf	Agoda
Znfke7UNQKlc0cwvB0JL	Air Canada
0OcIQu03tHBzftdkLfYm	Airbnb
GrTmOYBjtlnpXYxZ0wF3	Airbnb Experiences
q9cHq4OHeUBTbiu5cHDm	Airtable
ZE935JQz90lVPgPZDVtC	Alani Nutrition
D7zm6vEdptVoatjvnaYb	Alaska Airlines
T5p3GWpl04xE0FbN0qPG	Ali & Ariel
z1VUJVXNZYbNk037bQCc	Allbirds
lx08iBWsX3ZeTYNAAJLo	Allison+Partners
NxR8KzlOkmizGrK6pklI	AllSaints
OqnZVp3MvwpoBWxnsHX8	Ally Financial
9letjlSGhiVidt4WuMUO	Alo
Gc07WfhZezMvVWYXm6pz	Aman Resorts
8sK9YSXHANu48LRCefRI	Amazon Prime Video
FeymsJqKCLBRqLfpq2Bz	AMC Theatres
beLAMTTghKHnXDg8mSII	American Airlines
fiwbkQoqX5DjXyzCPulp	American Broadcasting Company
ajRJqoRE1c0GThE8Pfez	American Eagle Outfitters
oo8A7VwhVBSIGlTm005s	American Express
WEYJFnQDloftWZ2UXfxn	Amika
abVTTxkxbDuNkXkSgu5i	Amino Lean
ZiYnIxrSK3CkBmZhyJnT	Anastasia Beverly Hills
FLSqYkdaeVgVXzL8sRoI	Anthropologie
WlKHKBrTu9Ir6xHmZZXk	ANZ Bank
D3hpzIIQ1Tr1QmSIwkic	APCO Worldwide
1111aply	Aply
9YZNeXpI3imj98p9Rx3a	Apple
xCUFSiI6qjehF7LKdy6f	Apple Music
fpc5vXlPX5JBGKrPtllE	Aritzia
eTA7TmuRT3j2FWjS4ZAT	Arizona Cardinals
ZYTf1WUbqCCc5uXpupGS	Artisan AI
XXrU12gxFaxWMqq72KQc	Asana
pZDjRfO7sFyeNAt1o4hT	ASOS
hCmGJLBy372mpgK8s6Ez	AspireIQ
IHAYhiCvxYPFKgMTCiyA	Athleta 
Ta7fkuNUFfCkhUvhlDsI	Atlanta Falcons
swZ16wO0qda57jOHiPZF	Atlanta Hawks
kEJ3e2W7giKeQ97XMv5j	Atlassian
Gpdlj4tUQ0xDWemKTRRo	Auberge Resorts Collection
0BB2u2LYVleOt8VNLWuk	Audible
C4Cnhq3IwqA28Op45ma5	Avant
CKno5poBu1MS4kD2mUrm	Aveeno
3k1PQNxo6sYvDrGDWBM7	Avian Media
KZrfuPMSyO8sZNkhErB6	Avis
Itz7cTKTrpGRXvr0Ahbr	Bally Sports
bYmCYSGqYCwraaNmmyox	Baltimore Ravens
KUlS8G8semI8Htw5bycb	Banco Santander
3Tc7s7SIY4Ap5qB7w93f	Bank of America
BkiKp8p9aMjPIANc2e7l	Bank of Montreal
3y0EIINJW2p2kU5Flrwn	Barclays
yEHsUvw1dyHeJE7CpXdw	Barefoot Dreams
VTmTLn3JX7ajsCsCrXiZ	bareMinerals
lhJBHpjZ25WFi3kwNWnG	Bath & Body Works
i2wsHdc64eYhI7RvqxEy	Batiste Dry Shampoo
cuCnTlnutE7h6xiXrdlc	BBDO
2baYqXlfTb6z8Dl68FYR	BBVA
Wb08rvY2Ju3XZAUvhXCI	BCW
Ktu0ahRLx2dGVXCgeDmb	Beaded Blondes 
lQX0sNn2y030Adxjouww	Bed Bath & Beyond
X14WeSpLhqNAEta7WcRw	Beginning Boutique
KDOOcaVBNugmFh4bYSLM	Behance
RJWzOXMMMqUER2DWKP1A	Belmond
ZlkVjLLrv8nsdpi4Cxh8	Benefit Cosmetics
55mYcSCx3renaTiMxfXK	Best Buy
9dKbFmKPuHuKiBy4qbKP	BetMGM
lGHpSbw7rxzaCQZVERYP	Better.com
giXjb5ce2L8tUq63SbVo	BetterHelp
hw7sixDFus89BJpqupQN	Billie
94N83H5xZEzSGEbGQXld	Bird
HGlbpYevseNYcyQ8FUk2	BitPay
1wcw4kwsQS3VABTXkm22	Blackbough Swim
sCcLno7fdTAOieVGm8P6	Blacklane
1Iobkjnv9ksc6CBdFa7u	BlackRock
YCLxrg80cANcvLFZazFK	Bleacher Report
52nPDxUn7V2hUe1xAJ0b	Block
gcP2ZgD1Eov1JHft06Q8	Bloom Nutrition
n3NndWSlDdMr17rC322M	Blue Origin
4pAr0GmUSYT3LqZenZpj	BNY Mellon
Go9RcKxiojHmvxLFKJGH	Bolt
0lDoyRnUQA5wRQp2cR3N	Bolt Boutique
GDM2nY7m9FI7W2Q1andb	Bombas
m56bFHbWDHQFXrM5oo14	Bondi Sands
XanJ3HZ7qr16gshd7hIy	Boohoo
CphYJZI2sC40yt9qaV3b	Booking.com
rLvIChDiqyKob5RPHYFR	Boston Celtics
6pv8TAts7hwzaKoKH5WZ	Brandy Melville
2SmtTHKHss8XPye27O0h	Brex
2psvkCbOr9w47cKaShMl	Bright Swimwear
V6aE94lJkbMlQmpl4G8r	British Airways
KD44b0sGkblAnZUgA1Qz	Brooklyn Nets
19uWspappEzyRcgr8n1c	Brunswick Group
EcKb8HpD2zJjqdgMRe9b	BUBBL'R
IjO95a2aSFJmEWvdQRPn	Bubble Skincare 
vToYogYaaXc4kW28prGG	Buffalo Bills
GcNCY4bjHncpt0xk6Zzm	Buffer
HCVq0qSmK0sYmXLzW07O	Bullfrog + Baum
8TTgiFqXviLQg3RplMG8	Burga
n959HWVVW31mkijbotiz	Burger King
JAKAATVXwlij9zxzQZqG	Burt’s Bees
PjhY813IwdocFywFa68n	Bustle
5f3uzD7fdgSHP1IDQ18y	BuzzFeed
YCIibIqTgpYaXOjPrEJf	Byoma
RQf6bFuB5qfQ3fHjAUv4	Calendly
QnQ3IyNHW8gc9kujWsNa	Califia Farms
XZfHwQ5Q4CUTb7N8vXfJ	Callaway Golf
qanVcHHPoi9F6coDgv0g	Calvin Klein
YtgGxT1UwTrqKSfmdRGb	Campbell Soup Company
7UKImtlAUOISRdOxTCk7	Canva
QUCXqBhPrt8pXnbJ3Xct	Capital One Bank
XvKgK7pKDMEpihrYtZT9	Carmichael Lynch
E2X3yY6OHK2Av9iuaCO6	Carnegie Investment Bank
GxGPTgq3N1EDI0CcjFaO	Carnival Cruise Line
MlDlQM7FWNm7Rqtlwwz0	Carolina Panthers
kYcfWNSWZ0D2hNfhJMgq	Carta
aZp6ya0sRlMNOW2Z4uTR	Casetify
PCGiUW4TxJqgonGPCNww	Cayskin
4CXffMLr6usJVTyZAGT2	CBS
8O3DwRcTNFmID4RNa8W0	CBS Sports
BqluEiQNiyyolvFZ6cQs	Celsius
7YN7VOV5xHBeSjnk0jMd	CeraVe
hOCrefc8mOHbirlQluTM	Ceremonia
YkxzyqrsXJsP0978Grat	Champion
7F0AhydollLgJPGJsE91	Charles Schwab
WbG8dgexrDrpKHJHrHyL	Charlotte Hornets
9rN7HHfofe73OIY2Ujgc	Charlotte Tilbury
dYpChn2f5aoTujX1HCNG	Chicago Bears
m1xmCgoL4ckzDgpz9n3W	Chicago Bulls
US6B9oAPyTWBrU8GE71i	Chick-fil-A
A5N3nqmgzYofqSCShfvX	Chime
TkbXZF2rtHiHlIokuhCe	Chipotle Mexican Grill
ROT5C0yQHXxugInmteZZ	Chomps
ApnCTwuOi82wu8B6WFS6	Cincinnati Bengals
cqdwITnMdqRbKpPjXw0y	Cinemark
IcjBoVE3lY90PAJ6PxF7	Citigroup
LegE3J4BGfgOU1HLFqny	Clear Channel Outdoor
Hij5yyygllo1n0cNlESR	Cleveland Browns
6abCi1ZkVvOIr8sw5aac	Cleveland Cavaliers
w6jBoPAXUUeiQO3XDk8W	Clif Bar & Company
5ET0HemNcoHY0N6i5Nih	Clinique
HJ5qaehITwyoQYrQZBux	Cloudflare
R7k7keEsZEOVCYpeBKW5	Coach
5Q9VMmLYpcwmi7SCpfuG	Coca-Cola
kpRsKpDZZQNKmYlBS7u0	Coco & Eve
D8uIw06ojitlpkMUT4Vz	Coda
btJhmpEixz3X3ViZPSFx	Cohesity
I88bRFvJ1ZHUe5NJ5UUi	Coinbase
VGJfJnPQpTXBzsmXxTTg	Colgate
b2wIdYSWE7WsGelDtJbt	ColourPop
5nkrb0LGiI0FqIVrhg5N	Complex
NfdPwyKBE4j3DiG46bfE	Comscore
Luug3B4EX0N4fHtGj0z6	Conagra Brands
VsipUQbDck4J46y88q9n	Confluent
Hj1ydy0pSQXz6claruD4	Contiki
s3mgI0ataNDSgKknGcqZ	Convessa
m5zmOlXgoaOxUXfTfteG	CorePower Yoga
MjHyFt9SyqJpHyRntvlC	Costco
J4SX7WzojxmWKjfeHQpm	Couchsurfing
lFa2zit9cU6u0svI2o0f	Coursera
fHW17djMWuOEwXPzcYNs	CreatorIQ
97aoAcqhG5ixIKgASWmT	Credit Suisse
SOQpuzA89yBK9vFbrfTI	Crest
4pmkyRYyLFeL0wUhS9mx	Criteo
MoG9yOM6PEO57rA67Rj2	Criterion Channel
1N1nKfqe4DQgDPhjrj18	Crunch Fitness
OFqU8ygDq8fDmqV8JbGx	Crunchyroll
WLF9S4jFzzdQljDqxmCT	culture POP
P6gLaD0M3ZqwzlAXA2c5	Culture Trip
V1GsLBlCaoDlfYty2JOt	Curran & Connors
SoHs3ugpzQx8eZmj2ntW	Dae Hair
8Zq6CNwLbTQB76JgjjjY	Daily Drills
HFCZYSW8h5UOunjLw7zv	Dallas Cowboys
OJAjq8Epy0IpqCiZWYsK	Dallas Mavericks
QQLIIznQLzFgOG2olpyA	Danone
NurJ93WS31DDIellTPYh	Databricks
vFvXby0HAK5aDgqoZvXV	Datadog
4L7zeU1pFpQ19TYV3rAV	Davies Murphy Group
Q3UxkNwVVLiBPO2zLOyK	DAZN
tUaoilLuWMC8RvwQFNRP	DBS Bank
xgMJLXibotgdszjKS1hf	Decathlon
r9IhilOdUGBDYxGgqthx	Deezer
nUfFz0OYXbc6L8lD0xR3	Dell
xVYdimDNaqDIW1goL33e	Delta Air Lines
uCjHqhzmgT2wBFVwxgka	Dentsu
lt1lcgdiYO92bDHMBIQm	Denver Broncos
RFp853EzR1nrFwVCyKQH	Denver Nuggets
rkwXtzIGwpJHRN9KBpIt	DePop
eZYRc12AKyI9Wy32tUmI	Detroit Lions
qWdcv2UaLQCxdAYfrRnn	Detroit Pistons
BVk1EZ2xoK5Q1Kh5ti5V	Deutsche Bank
TmFtWNHlOCUBPn9lZNUk	Dick’s Sporting Goods
cTDcuxaHgxGwoxyXs83Z	Discord
HxVfafDRDv8JAxoVE0xj	Discover Financial Services
3emycOfPsrxykjTmZzr1	Disney Cruise Line
nVv3KudW5QLUTcBuOdPl	Disney+
uB170qXCbDGiytxl0Cnj	DKC (Daniel J. Edelman Company)
M7urtNUZOkmb0rPfFW56	Dolce Glow
u5YAINJDPIN1TXofHXQJ	Dolls Kill
T6fKwHGR2rx55O7Bah49	Domino’s
Yey5FL1tPC646aPivaoy	DoorDash
Wp0W4zjOh8SvGfzUx6XG	DoorLoop
wAEoWGczwGVMJ6JFSBy9	Dossier
GJ4fceVuCf6QY2sQj03R	DoubleVerify
0l8BWtIDLUHvKXSLsUE2	Dove
3yrZW8FgsP6lhb08XVgc	Dove Men+Care
LFtuH28cloVecrsKVXqn	Dr. Jart+
k40lQKuQhM2qLjcBTbYa	Draft Kings
coiJigsyL2iEsk6JA3Oo	Dribbble
XLPnFXnnX0ykR9KVQtTO	Drink Juvee
FcH0wnVZDO6i7nBWfNgM	Drizly
JnwiywdN1y1cLp0LUXVv	Droga5
zswv3Vwmh2no0faMKbfQ	Drunk Elephant
AviJcreKPP3tU1XqeNMM	Drybar
vAkIE0zC4u3g54G9v2aj	Dunkin
fFbehmCed2R9qWZoqFal	Duolingo
UZ17nS2TeymA4kIIpwmC	e.l.f. Comsetics
4C47IvwEmLxLrM9DNQwl	Easton
4LHNtKwdKDKltFdA1oeZ	EasyJet
M6z3PyDhVfyCrQ1OpRWC	Eckel & Vaughan
Pt5r7B3ZE5QJJoKjBf2E	Eclipse Public Relations
ZFm4ePhW1Hr4FYHlzlkD	Edelman
MRRoj6jrMFR3RoMvHkv1	Edward Jones
v0w4TGltG6Csa94vDGyn	EKC PR
22skuq0nR8nsxua0Piqr	Emi Jay
MS5hlOzlJdtMFwqRQPiM	Emirates
ZwNgFwBZcuPbQ9EV2aB4	Enterprise Rent-A-Car
pf4an4RZgHJmgoNMIggI	eos
vJg4q4LksJSergXrTFZt	Equinox
7xWnOf1CJ6Aku5FzNqsv	ESPN
1QS7FDcefhAM0G7BB199	Estée Lauder
0WX5h5xlXLkOxhKRsRei	Etsy
ZtwBYFXdqBR9wML1OBuX	Eva NYC
518IgioxzSvvR8XqhrOW	Evercore
Qi0QEF72km563qKiERNg	Everlane
QWPs3Ew3Hv2qQj5lLnPJ	Evry Jewels
lzjsPiXppWQ6RGgj0Azk	Expedia
za6Tz07BvokzNuEBFGjk	Fahlgren Mortine Public Relations
YgveWNiXlUdjm1ggvNMx	Fandango
IbgjNHC0rKOof40OYb9S	FanDuel
YrROBxUk30OPoUcv8vFo	FARMACY
Jr4JAxQRMLpft1tIebyx	Fashion Nova
EEKQbOdZtuE2sA9dVxip	FaZe Clan
hPm5YWTaGNFqiEFE5L8l	Fear of God
9Qa5qZMpjwrribxTQyOq	Fenty
rH2iIHZJHnaleKIMrpxK	FGS Global
8NcbbwwexJtNDVMBLN1U	Fidelity Investments
TavLgw0xiMLT12I5dcu7	Fifth Third Bank
wPw7GquZSeU14QO81wBC	Figma
RI9Uh74NRlkfnnBkaF0h	Finn Partners
DoSp5x1g9cqsjXWrGUNP	Finsbury Glover Hering
AKhAWSX6Bh0vrQBSa9Hv	Fitbit
O1OqgnCQMBPMeSx4lLC7	Fitz & Company
kcuWl4UCEcxYTarJ90Ok	Five Guys
Kc0BAlQzFSaVAfDLVojJ	FleishmanHillard 
j9A4cJd8t8dedrxvtTVP	Foodpanda
ra9G1frl4kpTSOo36tb9	Foot Locker
knJP59TQg8oMB4CqWUBm	Forever 21
bgcqfaGeGMHvyGt8xdaS	FORM
HrelDatzmaCBky9BGjol	Four Seasons
QVdarlEF8prLyu7TUVEj	Four Seasons Private Jet Experience
dOsNFrfl0bI3lUFfzFIV	FOX
5Fb52Vf2GZsa7TtV9cW6	Fox Sports
kVrFEkPxJ3H3YgyBLzAm	Framework Communications
WS2DwiNBVLdtnctuFZJX	FrazierCox
ee3093t1ktm1sB9diesv	Fruit of the Loom
orafyTLKyWaZ6nul0LQs	Funimation
q9JakLtzUjjuVExZqlgi	G Adventures
c6pTiEhECAOY7O4K5e9i	Gap
BsP4ohZPEucpynvU8mSQ	Garmin
Yl9wjPwVpxD9A3yiPcJU	GCI Health
9go08qqan595C0pRkJQA	Gemini
nfn0ZvGbOruoJyJg8gk6	General Mills
LvQzf79da17GaaKeaghW	Getaround
HbOHIPiE7BCm94LOeYKt	GetYourGuide
pZ88B9hDxuyedPdfIRhh	Gillette
qbfhg2ZNfl6T4pww5umf	Girlfriend Collective
Zf9P9pPdQ2Reipr9o4Z9	Gisou
3Aicf2ZSqA0lEmIFvEOB	GitHub
zecdZdYIaZBPCIGuyMeQ	GitLab
p4EeZPv648azeo2wWGPW	Glamnetic
6OqRAzwjIJtCQieHoPtG	Glasswing Communications
2fXGOmX2X5XsTWt7Jsja	Gloss Genius
4zo7OgnTcsO4ld4VZqGM	Glossier
VtVN694em7onsuOHg4VQ	Glovo
wsSerAfKu1A3ueziLEnV	Glow Recipe
TDSMERH4WOdI4gMP5nMT	Go Health
CUoXWwnBLCwzKhfpkxBO	Gold’s Gym
3IrPEWs2wqVWdyY5WwDo	Golden State Warriors
KfAOyFne9r78EZQleGaX	Goldman Sachs
m1oh2VRcduG81JdkEWDZ	Golin
78svfN11370pjarnjS54	Good American
g1PCbXvWEUAVizPg9b67	Good Molecules
ZKrrkfFzyrTUsv9N0sVP	Good Relations
xDzA3r5Iz4ERag1LVAxh	Google
4NavhtfVj7URYc6XgFXM	Goop
WF0pHIYgNVflBxJRuUP3	GoPuff
W1k62mng9bFEpU8nptWv	Gorgie
IN6tept2l49iecfMma0h	Gorjana
Tc4oktdH7QSPKmga3pf0	Grab
g0HzKN8mdv1hqHYqEd9K	Grammarly
9vqzRhbPJoN4hVBSsD0p	Grayling
WYRBfr1mq3kCeilpg0rZ	Great Ink Communications
SDRkB4pA4FyVw4HPcofV	Greek House
kaAkkrNILlN8i67OSBma	Green Bay Packers
C9fPMM8qHwaMru8a7l1a	Grey Group
3coj80F6xktej194vIQE	GRIN
NZfmqJwpowHKYmoK4fI8	Grubhub
B5uHxsTc7rzfbrHxMrjx	Gym Shark
NEdgvzsvtGpg05sgrxWw	H&M
ecFg6rvsfZpkDOOFDVuX	Hanes
WDrGFwpAINnNc3oIJ773	HashiCorp
L3CcIoio75RBmVjac8Ds	Haus Labs
U5rMNEpN1J2xYCrLsp0e	Havas Public Relations
Ze5amX0MS8vStzdxoImj	Havas Worldwide
4VSFIOYeVpE4sEt58HnQ	HBO Max
BGMpBAwleh6Zj3MYP5P3	HDFC Bank
yQsroTaSpTtzHATxJe9A	Head & Shoulders
dsUOnW4of3zukZ0ABbbR	Headspace
hifi9KsMMEogcKFjc6g2	Hello Molly
RNybKPkgb4ktF6tbT9uA	Hero Cosmetics
QsNHUHsfogBajRv9q6m0	Hertz
qsXsn0vJnsIJjAsZ5DfD	Highsnobiety
TS9r07fLmkWenYSndE7i	Highwire PR
ilSykdNxjPrJzL1wvtu8	Hill+Knowlton Strategies
21i5RWbG5CuFn6UzqPiy	Hilton Hotels & Resorts
11111HingeDemo	Hinge
xZ9wkOVwxBymZXB88nFE	Home Depot
qc9tX69c506SThfwif2m	Hootsuite
MktEnGlAmBQfveOwf7fH	Hopper
uzummcBmm8vvftVCLdA5	Hormel Foods
yhcfjmfjO7DZaaFnaYWr	Hostelbookers
oEyKpqbI8w1H2jxGiRi2	Hostelworld
GDGiN4qf7D0hi8r12eVf	Hotels.com
7NMqoYYdG6OBscHkONfg	Hotwire
Yk96VLYbFTIrrLqp8jka	Hourglass Cosmetics
wWLCksu1AYMIJfCT5OhC	House of Comms
EpuUcrbfr693LGg8AQ72	Houston Rockets
AfONcQnu3FLIRah67jIw	Houston Texans
4qAfpSHFjvJ6CKqZcBd7	HSBC
NDvB2XkkEbqdaH6bdfYV	HubSpot
CPtT4dqPHxXg4sYYC3lg	Hulu
EHL8g6TckJev613W0NON	Hume Brophy
m8pxAp40SeeDYyBTRuxf	Hunter Public Relations
iAayv0C89OhvGkqIm2VI	Hyatt
35UkXbgvXVT6OvCry4Mg	HydroJug
kwMLA87X4rTijcZdIo4u	IBM
9eu2ptzGb6g2WSf0vTgd	ICICI Bank
IuwF1SCrVaZTSH7SouP1	ICONIC LONDON
WZiTINdAzAWjW9XlW6su	ICR, Inc.
jfFmCjtalzpF4zkrE0aq	iHeartMedia
RqeAlhC9i395YYEonLyh	iHeartRadio
ha6XEfD0uGJWlkyES36k	IKEA
YI962ZL7EbkVzQJ8DFBW	Il Makiage
1lS7LRuIOOebk2Jw28CH	ILIA Beauty 
IvsatTZqrtSU6T32w9St	Indiana Pacers
Y6TGGlPwwrvCAicikq1m	Indianapolis Colts
NKQ0SADVHKdWKutAeVQ5	Influencity
TXBdX7KgTu9xVFurF1YT	ING Group
6lLByaxUgMqGxtXELJog	Ink Factory
CW0rOjdJShU3pkUR0FmQ	InkHouse
Mmg3khtHTaxz23DSK9OG	Insider (Business Insider)
5dvuNa7nvlhPLztdhcGA	Instacart
4pnYuuKEOKtF2BrrjLPc	Instinctif Partners
dKsdlDXOAsiRDBIOcpo3	Integral Ad Science
JVTMoOIXb1w0HFO2uy0H	Interactive Brokers
M7aR0dbCvEM8hywV2pGD	InterContinental Hotels Group (IHG)
CFtjGYBAKWGWIVeHpeQY	Intesa Sanpaolo
nIOb2uAGmT5T0DMomqo8	Intrepid Travel
7iZaOFttPNvkyRs58FKT	InVision
2YdHCaCYtLH8jb9wMJQu	IZEA
bcTT1LqoGDS3fJaLjJP0	J.M. Smucker Company
cZEBuWwDsKbJfxon5iaA	J.P. Morgan
VeJNovg4USxYKlQnhC8d	J/PR
wtGoAZslyGVlTIVoBQt9	Jack Morton Worldwide
Hpc2wMlrcq0Bd16GCMyM	Jacksonville Jaguars
aMq39ExH94qr5BURb6xl	Javy Coffee
aQNk8HYy4zP4cBobmehE	JCDecaux
DWplx3JUwCwwMTB5matO	Jefferies Group
tislxWSlQAjUZf2v7BUL	Jeni's Ice Creams
roA3oGsREAn797Owfxw0	JetBlue
EzuN7piP6KMcgngvqxiE	Johnson & Johnson
wU4k3ayKAynpmS7tYVvK	Jordan
6PYz1oRQCFUgZXAsZxnK	Juni
SOSKlzRGLEnqcCrJS7vA	JWI Group
aqcBLU6XN5vhD3ny5fAd	K18 Hair
cM6ZKlRv3Rsmt9VD45De	Kaja Beauty
2m4tpBYo12f2vbfujNP8	Kansas City Chiefs
iaHKCuVqawO60S2XSrfD	Kantar
DnU3YxshmCJHPfM8jWEa	Kate Spade
SNkfYGRdH7YwraJZzL9N	Kayak
l37jnOUyVOrSbeOlb54m	KAYALI Perfume
mddHDO9ewyWSgtij0MaI	Kekst CNC
jlHaO6DtU7M9Rq17BJv6	Kellogg’s
DCU4NfaJn2EXlxq4UJs5	Kendra Scott
KgjxHmo6AmFzm59Fuvws	Kerogen Communications
oJgzKHFvFYYBk90nd9Ck	Ketchum
UxAsXCh8HUnfGAjFLEi7	KeyBank
8HLnXHjnyInu9XwOyZyv	Khan Academy
ClprC8CSzCqTXZ96bj8E	Khloud
k8ZqIBmpRZ2uaFd5rPkb	Kickstart Public Relations
wPur1pEJiG2SC6gopWip	Kiehl's 
678c0mctQlNPJc9PARee	Kimpton Hotels & Restaurants
kKMG6RIHDcyrneRAj9Or	Kinetic Communications
T9M56o7AUKP8IExkQXrY	Kitch PR
uLKwUFWenVLygKRRUuEl	Kitsch
R44T6IXVVo0ShLPm4Lh4	Kivvit
nv7AtFES2QdxCDytYujf	Klarna
pV2FG4GPQMhtxqgkKV1D	Klook
T9fZgaVGOSJBqHok779G	Kohl’s
bIQOkgDD3yKQhWrKYsTw	Kohnstamm Communications
FEIXzr0lBzmDhUD5or7c	Kosas
4Bnb1IENQndYCfqIWx66	Kraft Heinz
eFPno4brHcvv111YDLv7	Kraken
WwWQRu1KUDQg32LfZs55	Kulani Kinis
GHpOvuCNElLySLVB5r6m	KVD Beauty
dUfZIGJluXR2v8S4W1nz	L.L. Bean
AvmSW21P0z6Edlu0uKxV	L.L.Bean
KnJ2xtAe58uQdCBD3L3K	L’Oréal
fZZYLVSGPK0gKpqAZtGM	La Croix
djOERzxA2r4a1JYn68WN	LA Fitness
DHB128mOmFTZbnFLDMgi	Lamar Advertising
vGFxzZ3yruwOEX5hP2dM	Laneige
6gX5ypQxMOiUda0G3266	Las Vegas Raiders
ENMhpr6M7OWxRqrzibXM	Lazard
5Luc2exaaqktupxMlp74	Lemme Vitamins
7WmBihZq9WVYWq5EokOY	Lemon Perfect
7YgYryYAmkCM4jfjeEU9	LendingClub
4xQ9dQGoD1Fm47JQ5me3	Leo Burnett
n0o5zgEY9qksi2DilsqP	LesserEvil Brand Snack Co.
kPjQfiyLCud3vwYuQc4E	Levi’s
zVMqmZrbfYZAACwgNb0M	Lily's Sweets
mWpIQ8lVidIn60HlHKQ8	Lime
aNvVdsUi6efjcHxK4TvR	Liquid IV
mWCzS8uPEXIaPBbuQpTx	Little Words Project
ZhkR9Q5V8jXXaVPwdfrL	Live Nation
qrzOQEUPag3zCNbO4kEO	Live Nation Entertainment
P7GkXQlSXqre4cR8JK4B	Living Proof
OloOVCq72nVV18wA6rBv	LMNT
mIGFg4xTNnYxOjq67LW7	Lonely Planet
ys2zxL0AYxKWgatimlHh	LOOPS
sYTonfkkb7GSozYqf21k	Los Angeles Chargers
TccwCWRwlyieVC4pMlnG	Los Angeles Clippers
GmtkGHJNWntcNIkvyFi7	Los Angeles Lakers
00PL4tV7l0mX6KkzESKv	Los Angeles Rams
BQta3WbONknIEqXHg6dI	Loving Tan
1S6BnaaxXCHXd943aYO0	Lowe’s
loFzkQUxcxPeSlO1tC5n	Lucky Honey
xHybdSe3yHnm1tp6zBtt	Lufthansa
w0OG14xTRKa4awJCJKva	Lululemon
4krC6eiNzcPZNl6B4nd5	Lyft
iLCoXpLsXDt0Kdm8o8DA	M Booth
TF4QVvgCi1OyzYSGxcu9	Macquarie Group
9lEqcpuJuHdBBqHDCYj8	Macy’s
M99uY1GPn9jnLvQUaKtq	Madano
urAxMGlrJYdU0rQqnb1g	Madewell
Fmht0IBbNm7w690bUFPq	Magnite
WOyp02DFmmHoKBjANrwh	Magrino Public Relations
8lfcRuQTpOaJv5Yzfge4	Mario Badescu
zzRwOuDti3RDjozO8eH6	Marriott International
VfWqoscAsDWZSCYYOWsc	Mars, Incorporated
6HGLV4MsL2xTDGZc8CoS	Mashable
sybsTBwPKI1VsB94VydR	Maybelline
T3zRoYngL9he4VuWyJBm	McCann Erickson
JPM5eFxE3uvhYxau7Zag	McDonald’s
icHEzJ2XuImEP9e0dH3F	Media Matters Worldwide
sCjb9WxMrRE5ilRuI5Em	MediaMath
l91Od444FncRlSu9h6KN	Medium
9OtK2loOfaOg1AqLguRV	Meiklejohn PR
U3EmSUIunZkY66SV7jzX	Memphis Grizzlies
Zns4gxEiiicSs6WeoRbe	MERIT Beauty
x9OWLlrKP2123HsAaxUO	Miami Dolphins
JdtvE7APzHd7dRhQEC6q	Miami Heat
UzZ7QpvqVHkAIXnNGE7H	Michael Kors
aEIE1rA1Z16wfYHnDTCu	Milk Makeup
pAGanOGEzU8Gm8PXWKVL	Milwaukee Bucks
Lc0ZHTSMON9qT3ZTeWxd	Minnesota Timberwolves
uDFWkG4n5W7K649nbzYW	Minnesota Vikings
jyDdsQHpyj15CjH1H52f	Miro
ENDvnJw2G43RlM5x6vsM	MITCHELL & PEACH
gDOJOE1UmehEoraKwDCc	Mizuho Financial Group
teQBrNCvVLz2a9Nny7sf	MLB
2oHXjQKnXzHyWkouOu3m	MLS
42T6db8dU4RLN2lChx9M	Monday.com
NfxflQX5duKIyNaTClHX	Mondelez International
n4uoMGRI7a84dKwdcebt	Moon Juice
866BMWCeE4651OqwZMX1	MoPub
iwTp0dep7KbGEl11hiXf	Morgan Stanley
W1pLTBAN2sKWbzTlBH2n	Moroccanoil
ZPv5kZyj0jyQPucDDwjT	Morphe
11Ro9ofZh2KjHfz4KYGd	Mr & Mrs Smith
glvsDi8hhc2lDq4r7Q3r	Mrjet
NIfhmU966yAMyP5Rz1hB	MSC Cruises
6IAkUXK5zuTDFyf37qQu	MSL
T6RJj6IKMueGoXS7dsVp	MTV
IoGlKDk1oVftP2vGGZ64	MWWPR
Mb5VnsOV49zpOQXnHEve	N26
jOwRlhjqNVvKmQWGBauN	NASCAR
HhENhsMUhw94II5T4mik	National Australia Bank
F9wjTUQxF6aaESQYHjjD	National Car Rental
ExixOuh04rRkDwjNNhM4	National Public Relations
cwxgLG9UH0THS1E6IjL8	NBA
xpPPYJLM59XxuBlKYaTE	NBC
CPWzjbEmyK8wVnN10F2J	NBC Sports
Dq4ZPlzT49psygMKQhCf	Neathawk Dubuque & Packett
mNfwrjr1W8c6Hb4yrHqr	Nestlé
vtDwwx6iFL2wC30mk8Fa	Netflix
Uj89cJXlRPyI968UvtBb	Neuralink
h8CwFUWJrha8U63ndJwL	Neutrogena
DmPQTy6dWpPFSjEs7Cvs	New Balance
TLYSNVXFAleDJBypGHux	New England Patriots
6b9FJzfbpMQj7l1hQGrk	New Orleans Pelicans
bXEwpV7lv5b38W6b2RCF	New Orleans Saints
olTlzc7o4WcY3zf4QMlB	New York Giants
rOUiNzn1mYN4wwhLkwW0	New York Jets
aucX45Yvt5Yum5PzC3vw	New York Knicks
7xG7uC9Zq8GlU7zKgSTJ	Newington Communications
AwJKcac2SAlwrZDsKj0h	NFL
3sBul3FxpaUYyQ0WSgFe	NGP (Newgate)
hbeLCb2ODIrjGSczXhM1	NHL
GrPQeSHIzUjKfAc3FsZk	Nielsen
qFB5DWhHG3CX6aL7H3sh	Nike
X0sut08hEkPthyzDmC8K	Nintendo
8XePmd0NrcyCAS1OWDvH	Nivea
cQX5HjoKCMZEwiFF1lED	Nomura Holdings
fFCJJkTNMHYCJdR3locf	Nordstrom
EEg0arkzyu3NYbQQR8fj	Northern Trust
hR9uUoj4GL7VTpSi6XMq	Norwegian Cruise Line
PjXZJdd4i4X1kepjD4E0	Notion
GVY7Ez60QpJF5zulG0eB	Nubank
CebUxHkLv00kOg6JwRkF	Nudestix
8XpgEdd53f3Ecr4nnQV7	Nuffer, Smith, Tucker
QkgQAEmPetI6kKriWbPI	Nuuly
bHEIkUw9RY5sd9wWnIam	Nuun
G8ZIixObsMkTIFPUf2Bm	Nylon
2nFZj7TGGDiTmYVJ7Ifz	NYX Professional Makeup
PifA5mvTEBHL5RKg3iEc	O’Brien Communications
ZihX0L1qFeiy3ugsmbTi	OctoBuddy
1YKgUpy5KO3GHbuWCFLB	Off-White
4POyzZFPL8rsDWVuaKcO	Ogilvy
tf14YrASalWK8Pb2bWkz	Ogilvy Public Relations
BwA45bwz2brvlTyG2V1L	Oklahoma City Thunder
B1UPhyeD78LCsMaQS9NJ	Okta
SpJhLdDcfLSVgmRMuGhD	Ola
ACrGKqcyXVK3W1GoUVmX	OLAPLEX
DwfTfBNotwNMEnVZrAEN	Olay
c7j8lfTLJ7Tegq11BsQt	Old Navy
zFFX1uKRHb1Hbr0RT9Uo	Olehenriksen
RzJLrVi98skhCQBv79ki	OLIPOP
7n42dG704MUxb64qYR5g	Oliver Russell
6mimXzIYiH5xTN4auhOe	OLLY
r0JbOJBeLGc2yOHtVpb3	Onclusive
sqew4zaatO4SxnmIsZNe	OpenAI
tkCPt1dGLLiYF8icUQVk	OpenTable
3Wrq7wrVsqgAcvRXVmF5	Oral-B
RYnihntD4MHIRJwNTV9n	Orlando Magic
Filul2JpkZrvuZkbbE6L	OSEA
vpltcxHwhTGSm8FCz14o	Ouai
mrMN3Gh0WcOtNGKjb4YQ	Outbrain
bWjiRVLBP6VzY5RbYkSB	OutCast
3ECo0UkVdnuPSNo5o0rF	Outdoor Voices
vtkZzciyCz9bmgCt0S6M	Outfront Media
6CMu9JAP87aBrAR75kWB	Oxygen Public Relations
de8ECENqQrPDk8We9oFA	Oyster
kKAFgoBtFiusoiZNbxyB	PacSun
KXQycftRnLaeIZSfnsQ7	Padilla
qdxdbaKd5OTtYGFeArGd	PagerDuty
EH9nyynVtCUviiAwaLZ8	Palantir
CMc8upWwhtmsz78ss2dG	Pandora
vFN2Yz6HyHttV8MmNU3n	Panera Bread
OSN5Q0jlr9ZfVujnfWvO	Pantene
qgAtEoh5Nmm7CogHcWih	Papa John’s
V5YZGTvCBROrvOe5NJBs	Paper Magazine
qvP0Ct7k9c1t3PvQqL6F	Papier
EbO1cBKYMtdCDVkCJ5tq	Paradigm Public Relations
Z2EB9YNQcghaKqFomROP	Paramount+
ml1sNel0rsQ9dOObPgXt	Park Street Communications
zzRI7IqSTrIXq6uxHohg	Paskman PR
v9xW86WPRzYSpy6Spa91	Pat McGrath Labs
MZgpMf71vEeJBYSNLdlE	Patagonia
Cw3DZmvwzPx3VK1cniVE	Patchology
UmgWSeMGk6TPwCOr6z11	Patreon
ffB0817AvZpmvcUCZZzH	Paul Werth Associates
xepxWNrLc6Q75Ez6utFx	Paula's Choice
2VTRHS5mI824wfnG5pnj	PayPal
A3PwnIec2vyox4Cu4O4r	Peacock
wvMYCGdvKO8aDCcmNn36	Pearl Lemon PR 
NL3if3Bpp1TIQC4egmaf	Peloton
TKbzhOA0VM8qlcSuixVy	Peppercomm
VY3XKSpkThXtMcxQaOfv	Pepsi
z4M1at1oRmmxnZjoR9b8	Peter Thomas Roth
lPGXukVvm4xArRNJnyhP	PFI Group
ne6xxbIxvlB3P7IxAhir	PGA
xQFqQSul3wi54DAX7thz	Philadelphia 76ers
WHmmNOJibSNjOy4yFtnt	Philadelphia Eagles
ADMGSS4YrjfhRq9xSEIh	Phlur
TNoofkNRSNra8WjUpaTp	Phoenix Suns
fruoLVTS5nwC2Yfev1lE	Pickle
4P1ghpRHzvEs6540ToNZ	Pintar PR
jOB9zcZhfjuSdBUe60XJ	Pinterest
EVgQplezl7uouGYWK1Cb	Pitchfork
XTym8b6SBWTZKzqNVWIu	Pittsburgh Steelers
TwhV6Fo6knQlBWCLGG75	Pixi Beauty
FsA5JqBP9W4KBewgIDWR	Plaid
oEMNdFNsCM1QCEAbarXn	Plan A Communications
o0qaZTkdP7skcO8lZLRn	Planet Fitness
xHishNfoEOlkKeWc7fDW	PlayStation
CX6MDyKsQhWI2HuXeIUc	Pluto TV
i51zuHI61XUMyfzteFUZ	PMK*BNC
Qtw2QlrEJw1T4Eg4g2X1	PNC Financial Services
kh2hvNo3SxNLBXimd4oB	Polskin Arts & Communications Counsel
HgaSraUVKv3ajS0t1YNW	Pop & Bottle
QAyVJox5Faafn2aKOczS	Poppi
nQbzmfiC9tPV9fmTHRS5	PopSugar
c9aUo9OOTGhUrBRLUki1	Porter Novelli
elxcXH8dELMWKdz8O42X	Portland Trail Blazers
9ytnejC9NxvMZh9ckM3r	Postmates
DIDCVtEv08iYlrL04Heh	Powell Tate
9oKvNO7LkGTczznxtsmG	PrettyLittleThing
HyoTKDjSkokUQ6YgbFI4	Priceline
Ne4zKKSVkQF0OrroN0rx	PRIME
JbfuRGpypz6uyUm6OvZx	Prime PR (Canada)
ZwNSKePgynVupGp3MQmI	Princess Polly
8s0QBpinqY9nUs6fMB65	Priority PR (Australia)
hZ0As1A2QtRrP7dwEd6r	Procter & Gamble
ve6i5Z3ZseXujfNSYTX4	Prosek Partners
04bTLCCKFukJhZmCa5Gw	Prosper Marketplace
paPOefB59vjZLwhdyXLp	Public Communications Inc. (PCI)
FNJjgCdzM5GoGCmBZy80	Publicis Consultants
7EnhqKlbkIodfRFHnQDz	Publicis Groupe
NCGrWXbrv3jkFDXKXwoj	PubMatic
0Y5jtYu17m552fcEVXFQ	Puma
0AAvOoMIbu1Y70UnqfZB	Qatar Airways
y1W8ENBHk2Ak85SanNry	Qorvis MS&L
MjlAxGHHYwjoWkGJ2mGa	Quest Nutrition
C8pKMThw4Da6IxFgx8KV	Quirk Public Relations
5TRoVdBLiNOvwfdbS41T	Quizlet
coxzbpfxLi1ryuqdjFMz	R/GA
ViL9YVujKoAqbcXBZ4ZR	Rabobank
WOm93yKk5haMxyKmJIvZ	Ralph Lauren
rxiJFe1bZjqSlGKLEwVX	Rare Beauty
sMAeMr8YEP7FXdXDmc8N	Rattleback Communications
GXTRk9N8GUgOJ8zunMJd	Rawlings
92bDda80CIJxNRgnuy1m	Raymond James Financial
fqEWsnUhjW7sOXwjutBr	Real Chemistry
3uUhyjHuaIo6OcaAQiD2	Recess
JY4Pf9qfDgEincQu5nE1	Reddit
puCdCbdoReMMmC5nfUu8	Reebok
oJHTyAPj1BMJRRPueElh	Refinery29
jZI3S6FWugSefvvwzzAy	Reformation
NAVq2fT5tzYSzIIWoutA	REFY
gT1Mq0l5nfiYUWeHqDQv	Refy Beauty
b7ezkJPLdYjDIOEmMUJi	Regions Financial
GrCHGTvidJAd5W1zfilV	REI
eopvTrN7z5rYzatAbtej	Relais & Châteaux
K8WxbDZtv6mi6RCIY6ZX	Rent the Runway
WiMIljycFr8sae3erB0d	Republica Havas
ieC2NGvJoZIlKVeTuczX	Reputation Partners
pR1Yc693PKlcIpYjDCVx	Resy
Eo3PE0p4D00I1wSgAYKf	Revlon
RdZRU5VUnQldsNutCh1d	Revolut
DUGgtBhy1t8gtGxgR5BY	Revolve
Gbk3naltUMsJ6jITuXEj	RH Strategic
V2uCYVR14Fe8Hmn737tI	rhode
SyVpUs5mUi7bwOFCcvu9	Right Point Group
TYfAkIy7JxBptS9mBseF	Riot Games
opW43qAksdaqwljugLEm	Risdall Public Relations
gpuDentnCASwRlvhrb6s	Ritz-Carlton
CEsDmLNLJAEPZLykHcq7	Robinhood
sSRjC1TZELOwUQv7DcU2	Roblox
L2iqhnlJO3XkF9DrYlcf	Rocket Lab
fy64Z7ZKVMLd3aREoBco	Rockfish (UK)
83imTYbBhot8w12YuU5f	Roku
EKltcbsaEzT5PQr7eCTk	Rolling Stone
mukE5hWr7MH91Hmh5tIu	Rome2rio
hgFGZKOvsdgNmFFZtpGF	Rosetta Stone
bvcPgjygsBXe6vhvfIjM	Rosewood Hotels & Resorts
MSIlQPnZ8FNsb3IKyUr4	Rothschild
S77JRNE3jX2TeLe0nlLt	Royal Bank of Canada
HbDukQsk9zRJB8nfYzLA	Royal Caribbean International
XTgB4bOGKa4jk1NwsNVC	Ruder Finn
WPLSpEGo1MMy2OMy1ULb	Ryanair
auyeUZG4v0qVXYnVXeF4	Saatchi & Saatchi
YPyhwNtgh6zv36zwjqZ2	Sachs Media Group
IHxstgAgMNCiG4s7uRbZ	Sacramento Kings
IWuidkufteiyx25a6Squ	Saie
Atoc6ArLYQJniU40idoI	Sales Force
sc3bwLurJY4aQaEuSWBo	Saltair
Patw8zM3XdxVKR7NaVFt	San Antonio Spurs
te1KVdpqXMcFFs0r2Xql	San Francisco 49ers
ScRg64RfSQqF8t03Uckz	Sandpiper Communications
lUKj1BJf7f8i9aBbILHD	Sard Verbinnen & Co.
NletxK6ar0auFuPYiMYz	Savoir Faire Media
RTEwY222y8jqMvysTC7j	ScentBird
C6O2YbKwdQyVbTlur363	Scotiabank
BHVzJyhSXqf7WXYhh14f	Seat Geek
jPE0dYupfrcZ4czV64cd	Seattle Seahawks
ffBZn0s2U0kGLxUsnxdP	Sentry
Ze7iV1IoGWthQC4Ot6Ib	Sephora
Ko4iUCZAyEGnAtXLpv9Q	Shake Shack
ccXZT3UptVzOBVoXYXMu	Shangri-La
b1i1obgMN9895Hb4yz39	Shein
qPymxTLonnrHH58kMYZj	Shift Communications
sxB1ayzL3yAYS1TfMdKe	Shop Bauble
EavEVt99ghEIKOvv3CcG	Shopify
3RmZbdvyCeLDe0NClG2w	Shudder
6DLdkj2h0eQOa9tq15qo	Simple Mills
fOs2xwBPN1q9673w2Ks9	Simple Modern
KP8oIp6G84QSDXyM63XS	Singapore Airlines
xfDZh6geJGk7jlUv9SDG	SiriusXM
VEdC8hM3NHAoObGJvPha	Sixt
LgCgzMNJYyZGGFc0p11E	SKDKnickerbocker
WHvJA8htDDGVdlLsnDko	Skift
owFKR6MbxRrdm581Hx0t	SKIMS
4I4pGmTMaoSNlvrCi24C	Skyscanner
BxKUE2KYOU1d9EQhskiu	Slack
iQK0vC5TvzlzY2p3xlYQ	Sling TV
sU2gf0OjzLQAWXscGmjo	Slip
78lE22DsZ3R9TkqseeVQ	Snap
75qOHedXpB5pXgtYK35k	Snif
2jn6gLEd3t5qfyLy2XSf	Snowflake
1QOPavNaUOVGq1OwAtKh	Snyk
2wlf4YC8xyEZRCGVNmkL	Société Générale
0jk7q3G9eHZA5K8n5Gwz	SoFi
qq7ElL5dftswefAbNE6o	Sol de Janeiro
56B9KDVvMeuHWlQ4aDSr	Som Sleep
ePo7YfvOxCa4sTGfY0Uo	Sony Pictures
rIAQGcMMCJnkYkyWRccs	SoundCloud
xkWuDum903hqcYbXH9d1	Southwest Airlines
uWXx8OXYGIwYWAdKmQUk	SpaceX
N3QkCLaRC0nmYmnzenVi	Spalding
l4aebnkfKKLQ79geLL5Q	Spirit Airlines
E4WantZGTRSaj0NJJTN5	SportsEngine
S0MoT6En7yRG8BFVNe0g	Spotify
cqNCHGy92ujtj0cP3csm	Spotify Ad Studio
6AYm2gSLEdCDpAMIbCJb	Square (Block, Inc.)
z85UIsfhXv11XneLkMKV	Squarespace
G84bJ2jTIxTVX6LKcjzd	St. Tropez
Y2LneXVPy23YyF5HGoIu	Standard Chartered
m5vAAokjNzuyJLZpFuiC	Starbucks
NhxwlC20jpIwgwlhptLZ	State Bank of India
FQtuR0h2mz8FvFYDmKXL	State Street
8rQ7MzpibqIn6bKE3irR	Stifel Financial
H3mKsTUklZpZ5XLYaJso	Stoney Clover Lane
fPBIfcUfBnSfeLequP7w	Strava
2UDf6VHxKrBsTJ0mJC27	Stripe
AvQcAfHt6HVhLxMCYPro	StubHub
vGk92yp4Ui2NvznhwNzw	Substack
nNJQkGLTH81BNeiAvp9s	Subway
30qWg4ckhcJoTOuBLoSw	Sumitomo Mitsui Financial Group
C56sMwOz00veVmtSbue0	Summer Fridays
rpduYau0w9SymAOJv3sS	Sun Bum
IXLiJCt8igOFyWQUmQIc	Supergoop!
tSUjgZLTjj8nXP1z8zfU	Supergreat
PiyuEoAZdwcKH4a0giXh	Supreme
MA3iacRCAq1ds2LhiyAL	Synchrony Financial
GZJML1vtjUIEI8Dzg5Wc	T. Rowe Price
Cc32o3PBmddelER5iVcc	T3 Micro
YLt7flm0yUVt13eAW1mM	Taboola
YuHtKaGnYga6CTxOHp8L	Taco Bell
vPrd9jb9jrBWT6MzbXU7	Tagger Media
nrq36JbOOdwwzpkz4NI8	Tampa Bay Buccaneers
FLkr92SSRpzZOYIKLbdt	Tan Luxe
VLtaeofiReWZSu2o340X	TANOLOGIST
ismWYqE3kG3yYCAhEQRb	Target
xHhtCMvxzLhXXFutchmL	Tarte Cosmetics
4R82Sflq1b4488IkMDpQ	Tatcha
RJ33IfYKNhQiZezpsJ2Q	TaylorMade
r944N33tugiYV8RYQnKZ	TBWA\Chiat\Day
0tciD2zaeCBaYWP6ZAQ4	TD Bank
BeAhNjjgstDQtbegZNCU	Teachable
LtJBs1vwFIFEXIFEPoFM	TechCrunch
hlk5swLp72OIXIT1UaZr	Tennessee Titans
URTh3en6PNY6ysKofiIr	testnew
AKL3sxRPWV9de0kP6Y6e	Text100
zxmDyvMICmjSAafqFCdB	The Athletic
MYC23QmIdWUuuXDy3mWq	The Body Shop
i2F7GsBqAy1RVszjiLN8	The Fader
2C2OV1bocAHrm8BbSyVU	The Hang Loose Hut
xLhEtPuieSlaHSFWDpeC	The Hershey Company
0i3kNa5WG8dRambd9qHO	The Inkey List
LIuF5vfEZk0Pw2iDnfbS	The North Face
DzOrhVDmNjgV9pyTtC9y	The Ordinary
Gvdruta1upq59EKKQyGn	The Skimm
Ihxo1zUX3a85UjIXPkr8	The Trade Desk
SjyWvrtCTGWtlg0AReFW	Ticketmaster
ICb5oe37C5x6Tz3131An	Tiger Mist
lzZFGHtnF1Qb3nrh0rSC	TikTok
zvhyEHaCcxXiCEbQBDyE	Titleist
tdgpGvADgIYhTAbwvo8N	Toast
Ut71iamCF8si2X7OKtqi	Tommy Hilfiger
6RxWLFKB54iyA1OxSrJO	Too Faced
MPDeHF5LHpxoYPksg7JJ	Topgolf
2pusW2H1EBd6RNMwGAEF	Toronto Raptors
FrcnFQnuYYUfhrGlOvlG	Tory Burch
rpH5evnxI7iNZMXwjuLY	Touchland 
Set6HAhiy6qNkaNCqEDZ	Tower 28
3nGRCZeiWLDk69q7Y8DP	Trafalgar
xSHphoCZ78QzAusprn8W	Travel + Leisure
9tu7osyCLbOcoeHFVpw7	Travelocity
NFrvNfjaBsHHBvLPBGdY	Tree Hut
EWcBBloFGGBiDwqLDIFi	TripAdvisor
XwxHH2gsr34BwROFB4e0	Trivago
NCDuvi7xSgHGvrm2rb4O	Trove Brands
5Lsyg6G84z73LPUXt1f6	Tru Fru
D4B5BpqteN6hRF5x0dRx	Truist Financial
lvMO7xadDUyFjMfwosQ2	Tubi
Dqee0cPZRud2PviTjn4t	TUI Group
1Iqnk3FMkN8iTgCriKAy	Tula
XCeokKPQwrV3szgGdpNk	Turo
8SwZbQphfJjCsYcsS7th	Tweezerman
MKN2XF09SRpdwZboSmOL	Twilio
SqjJU8bkgucRHHmcFSHB	Twitch
53LRRNAWF3PUYPg3wNyf	Tyson Foods
Wk8M1t63JteE5v4aIUYZ	Uber
Wc5F03KHp7BskwpAYoXQ	Uber Eats
2t6YsYcygAm6zT37cmM5	UBS
T8uK7Zwwff41mEy1Vros	UFC
D10OJYX5IOt79GkMr50Z	Ulta Beauty
BGTNVQ7I9ayOdhC8lqup	Under Armour
BkB6xin5ySEjX96hz93g	UniCredit
IzsXNdl9ahpLJlAkrfOT	Unilever
1m7g6G7sMYqxBCDWBcpo	Uniqlo
6YLS58Ktovb5EhBpDK14	United Airlines
AhtKUwoA25Bt9nmc21ya	University Tees
ToqtPMEucIqW14fizchq	Unwell
Ta3PSm2c6zAeAgZ95OQc	Upfluence
n39ksd17YgEQ1CTatNIb	Upstart
McjPsmq9yO8LxyQb9AyM	Urban Outfitters
1ijDj4GS4W0AWQdxGioD	US Bancorp
YmesE9GvtbvjZHYzxnJY	Utah Jazz
GYkecZ9ubOZAUdIvoT4Z	Vanguard
ohjfNnBQtGUCRnfhpd3r	VaynerMedia
vMqcihiAulqYLHPiqPmC	Versed
Gm9hfgcsvObI98xykQSO	Viator
ATYgU1Hl3QW3ZA3xY8xV	Vice
Cp3nXN0nZH74f74eqHVg	Victoria’s Secret
FetgYF6hvLBD78owmF2R	Vimeo
COZfp1lXJC19kIttS2Kk	Virgin Atlantic
BrkIoIJWp6l7jt1ak2pr	Vox Media
ZgQfX9Y36wSslW5y4hBP	Vrbo
QYQLSsNE9QDEQYoeLdwg	Vudu
xsimw5PPzeMW1Ig4wepF	Vungle
cDiKrNHNHGyXT5sLLMFJ	Vuori
FwgH8iUoXjEvrJy6CKPR	W2O Group
iTaJpgurRegURlnnSa3s	Waldorf Astoria
IvFipv5ogB2W7xOjsSbY	Walmart
JHKtMbnwnKJZqWuU4zXy	Walt Disney
YlQUP6aYwBad95t47SM7	Warby Parker
2LuDHPZMV2z1e9tF3JEC	Warner Bros.
Vp821fRvnoGJEcFAi3LQ	Washington Commanders
6zB6NTIjwMvfegkjdlkP	Washington Wizards
QztZclEWE4aGGrYAE7S5	Wayfair
akJVqIOouVbQQ6Fe0rj1	WE Communications
b22PKeYhOmvrTK5aZsrF	Weber Shandwick
DDayJmcvgMZX0Ep2jEIj	Wells Fargo
QgIpSr4vFzBfZqsfcY9j	Wendy’s
0uQsHnOMcILFQ8OUqJ5R	Westpac
uSb5eQZgNaF9VuKmkOX5	whatnot
sAbe1x8NwK6eAMqz33SM	White Fox Boutique
oIJkxwz51K0aAHp13DsW	WHOOP
xoLUT3ilunlZiPGESbh7	Wieden+Kennedy
DVH9Bt4CRZHgFeQDuw0d	Wildwonder
23wGzJRCO3vrN6ZTPIO5	Wilson Sporting Goods
U9o8IeYo8VTa8hOK0FL1	Wix
fKKV9xcLtRyttsaFz4wT	Wizz Air
hAwF6vkifiXRIeLaTMJi	WNBA
YtyHQ7rcyo8oTL3mKDaI	Xbox
xIYWjID677I3pfyPW9EK	Yahoo Sports
GT4Db8CAC0L6fW6V1lnQ	Yelp
hJceDmBqXLO5hUwi1frf	Yelp Reservations
uEiArTVT1VQ5Swc7yiyJ	yoobi
PtY12FFnHOsM4OcX2Lrq	Youth To The People
6Fg3qah4YsymUgmwEj5n	YouTube
kbcL8t03Jt0Hj6jygWhA	Z SUPPLY
SDmANICjKe3iZSa0C9V4	Zapier
EDz78Gy0892Y3gxXLgH7	Zara
V8vbQ8zTBAKpcjLKXPXA	Zeno Group
JyvpksElWlSAM1AYP58W	Zipline
dDId9HeQvlbTzEJRRi7c	Zomato
uzY1F2nbcjQtyh837H2t	Zoom
nzl7qdIcqHAA20RukQup	Zwift
